Comparison,tkiFalse,tkiTrue,brainMetastasisFalse,brainMetastasisTrue,familiarAntecedentsFalse,familiarAntecedentsTrue,GenderC0043210,GenderC0025266,Age >75,Age 66-75,Age 56-65,TumorStageC0152013,TumorStageC0242379,TumorStageC0027651,TumorStageC0001418,TumorStageC0024121,TumorStageC4304521
Cluster-7,0.7,0.3,0.7,0.3,0.4,0.6,0.2,0.8,0,0.6,0.4,0.3,0.3,0,0.2,0.2,0
Cluster-2,0.8888888888888888,0.1111111111111111,0.7777777777777778,0.2222222222222222,0.6296296296296297,0.37037037037037035,0.2962962962962963,0.7037037037037037,0.3333333333333333,0.6296296296296297,0.037037037037037035,0.14814814814814814,0.2962962962962963,0.18518518518518517,0.37037037037037035,0,0
Cluster-4,1.0,0,0.9444444444444444,0.05555555555555555,0.6666666666666666,0.3333333333333333,0.2777777777777778,0.7222222222222222,0.2222222222222222,0.6666666666666666,0.1111111111111111,0.05555555555555555,0.5555555555555556,0.05555555555555555,0.3333333333333333,0,0
Cluster-1,0.8571428571428571,0.14285714285714285,0.9107142857142857,0.08928571428571429,0.5357142857142857,0.4642857142857143,0.3392857142857143,0.6607142857142857,0.21428571428571427,0.6964285714285714,0.08928571428571429,0.35714285714285715,0.26785714285714285,0.17857142857142858,0.125,0.05357142857142857,0.017857142857142856
All Patients,0.8235294117647058,0.17647058823529413,0.8512110726643599,0.14878892733564014,0.5086505190311419,0.4913494809688581,0.33217993079584773,0.6678200692041523,0.16262975778546712,0.7024221453287197,0.13494809688581316,0.2768166089965398,0.25259515570934254,0.16262975778546712,0.23529411764705882,0.058823529411764705,0.01384083044982699
