Comparison,Gender:C0043210,Gender:C0025266,:Age 66-75,:Age 56-65,:Age >75,smoker:former,smoker:no,smoker:current,smoker:None,bioEgfr:False,bioEgfr:True
Cluster-10,0.30386740331491713,0.6961325966850829,0.7845303867403315,0.06077348066298342,0.15469613259668508,0.6519337016574586,0.19337016574585636,0.15469613259668508,0,0.8453038674033149,0.15469613259668508
Cluster-8,0.3333333333333333,0.6666666666666666,0.9583333333333334,0.041666666666666664,0,0.5416666666666666,0.4166666666666667,0.041666666666666664,0,0.8333333333333334,0.16666666666666666
Cluster-1,0.30612244897959184,0.6938775510204082,0.8095238095238095,0.1292517006802721,0.061224489795918366,0.6190476190476191,0.3333333333333333,0.04081632653061224,0.006802721088435374,0.8367346938775511,0.16326530612244897
Cluster-9,0.3368421052631579,0.6631578947368421,0.7368421052631579,0.021052631578947368,0.24210526315789474,0.5789473684210527,0.21052631578947367,0.18947368421052632,0.021052631578947368,0.9368421052631579,0.06315789473684211
All Patients,0.29905277401894453,0.7009472259810555,0.7713125845737483,0.08795669824086604,0.14073071718538566,0.6102841677943166,0.2516914749661705,0.13261163734776726,0.005412719891745603,0.8687415426251691,0.13125845737483086
