Comparison,TumorStageC0152013,TumorStageC0242379,TumorStageC0024121,TumorStageC0001418,TumorStageC0027651,TumorStageC4304521,tkiFalse,tkiTrue,familiarAntecedentsFalse,familiarAntecedentsTrue,brainMetastasisFalse,brainMetastasisTrue,GenderC0043210,GenderC0025266,Age 66-75,Age 56-65
Cluster-4,0.07692307692307693,0.5384615384615384,0,0.23076923076923078,0.15384615384615385,0,1.0,0,0.8461538461538461,0.15384615384615385,0.9230769230769231,0.07692307692307693,0.15384615384615385,0.8461538461538461,0.7692307692307693,0.23076923076923078
Cluster-8,0.4074074074074074,0.14814814814814814,0.1111111111111111,0.25925925925925924,0.07407407407407407,0,0.6666666666666666,0.3333333333333333,0.3333333333333333,0.6666666666666666,0.6296296296296297,0.37037037037037035,0.48148148148148145,0.5185185185185185,0.8148148148148148,0.18518518518518517
Cluster-7,0.15384615384615385,0.4230769230769231,0.11538461538461539,0.23076923076923078,0.07692307692307693,0,1.0,0,0.7307692307692307,0.2692307692307692,0.9230769230769231,0.07692307692307693,0.3076923076923077,0.6923076923076923,0.9230769230769231,0.07692307692307693
Cluster-2,0.25,0.21428571428571427,0.10714285714285714,0.25,0.17857142857142858,0,0.9642857142857143,0.03571428571428571,0.5357142857142857,0.4642857142857143,0.8928571428571429,0.10714285714285714,0.2857142857142857,0.7142857142857143,0.8928571428571429,0.10714285714285714
All Patients,0.3254237288135593,0.24745762711864408,0.0576271186440678,0.22033898305084745,0.13559322033898305,0.013559322033898305,0.7966101694915254,0.2033898305084746,0.4576271186440678,0.5423728813559322,0.8067796610169492,0.19322033898305085,0.3559322033898305,0.6440677966101694,0.8677966101694915,0.13220338983050847
