Comparison,TumorStage:C0027651,TumorStage:C0152013,TumorStage:C0001418,TumorStage:C0242379,TumorStage:C0024121,TumorStage:C4304521,:Age 66-75,:Age 56-65,:Age >75,tki:False,tki:True,familiarAntecedents:False,familiarAntecedents:True,brainMetastasis:False,brainMetastasis:True,Gender:C0043210,Gender:C0025266
Cluster-8,0.07894736842105263,0.13157894736842105,0.23684210526315788,0.47368421052631576,0.07894736842105263,0,0.8421052631578947,0.05263157894736842,0.10526315789473684,1.0,0,0.6578947368421053,0.34210526315789475,0.9210526315789473,0.07894736842105263,0.3157894736842105,0.6842105263157895
Cluster-1,0.16161616161616163,0.3333333333333333,0.2828282828282828,0.1717171717171717,0.04040404040404041,0.010101010101010102,0.8282828282828283,0.09090909090909091,0.08080808080808081,0.6363636363636364,0.36363636363636365,0.3838383838383838,0.6161616161616161,0.7373737373737373,0.26262626262626265,0.36363636363636365,0.6363636363636364
Cluster-2,0.03773584905660377,0.32075471698113206,0.3018867924528302,0.22641509433962265,0.11320754716981132,0,0.8301886792452831,0.1509433962264151,0.018867924528301886,0.7924528301886793,0.20754716981132076,0.3018867924528302,0.6981132075471698,0.7547169811320755,0.24528301886792453,0.37735849056603776,0.6226415094339622
Cluster-5,0.14814814814814814,0.037037037037037035,0.25925925925925924,0.4074074074074074,0.14814814814814814,0,0.6296296296296297,0.1111111111111111,0.25925925925925924,0.9629629629629629,0.037037037037037035,0.8148148148148148,0.18518518518518517,0.9259259259259259,0.07407407407407407,0.2222222222222222,0.7777777777777778
All Patients,0.1554524361948956,0.3039443155452436,0.22505800464037123,0.24129930394431554,0.06496519721577726,0.009280742459396751,0.8004640371229699,0.09048723897911833,0.10904872389791183,0.802784222737819,0.19721577726218098,0.4779582366589327,0.5220417633410673,0.8259860788863109,0.1740139211136891,0.345707656612529,0.654292343387471
